{
  "project_info": {
    "project_number": "235968816161",
    "firebase_url": "https://lab5-b9f79.firebaseio.com",
    "project_id": "lab5-b9f79",
    "storage_bucket": "lab5-b9f79.appspot.com"
  },
  "client": [
    {
      "client_info": {
        "mobilesdk_app_id": "1:235968816161:android:a738187e35ad3feaed6f60",
        "android_client_info": {
          "package_name": "com.example.productcatalog"
        }
      },
      "oauth_client": [
        {
          "client_id": "235968816161-0e5i6q2btunoovotspma82lqqp14r4f9.apps.googleusercontent.com",
          "client_type": 3
        }
      ],
      "api_key": [
        {
          "current_key": "AIzaSyAH0l_jvltwtabmuCLLCMrJ8FNqudxsw7Q"
        }
      ],
      "services": {
        "appinvite_service": {
          "other_platform_oauth_client": [
            {
              "client_id": "235968816161-0e5i6q2btunoovotspma82lqqp14r4f9.apps.googleusercontent.com",
              "client_type": 3
            }
          ]
        }
      }
    },
    {
      "client_info": {
        "mobilesdk_app_id": "1:235968816161:android:30e54bf7248b47caed6f60",
        "android_client_info": {
          "package_name": "mgarzon.createbest.productcatalog"
        }
      },
      "oauth_client": [
        {
          "client_id": "235968816161-0e5i6q2btunoovotspma82lqqp14r4f9.apps.googleusercontent.com",
          "client_type": 3
        }
      ],
      "api_key": [
        {
          "current_key": "AIzaSyAH0l_jvltwtabmuCLLCMrJ8FNqudxsw7Q"
        }
      ],
      "services": {
        "appinvite_service": {
          "other_platform_oauth_client": [
            {
              "client_id": "235968816161-0e5i6q2btunoovotspma82lqqp14r4f9.apps.googleusercontent.com",
              "client_type": 3
            }
          ]
        }
      }
    }
  ],
  "configuration_version": "1"
}